{
    "main": [
        {
            "Energy": [
                73.57107543945313,
                100.0
            ],
            "FactoryEnum": 4,
            "Hunger": [
                80.1300048828125,
                100.0
            ],
            "Items": [
                0
            ],
            "Life": [
                100.0,
                100.0
            ],
            "Name": "Floro",
            "Position": [
                10.5164909362793,
                40.72565841674805,
                30.881628811359406
            ],
            "Relationships": [
                {
                    "Name1": "Floro",
                    "Name2": "Moonbell",
                    "RelationshipIntensity": 5.0,
                    "RelationshipType": 1,
                    "SecretNickname1": "Flowy",
                    "SecretNickname2": "Bell"
                }
            ],
            "Skills:": {
                "Swordsmanship": 1.0
            },
            "Stamina": [
                82.78157806396484,
                100.0
            ],
            "Type": "Player",
            "WorldID": 0
        },
        {
            "Energy": [
                73.57107543945313,
                100.0
            ],
            "FactoryEnum": 4,
            "Hunger": [
                81.0707015991211,
                100.0
            ],
            "Life": [
                0.0,
                100.0
            ],
            "Name": "Floro",
            "Position": [
                57.5164909362793,
                40.72565841674805,
                -0.8816288113594055
            ],
            "Stamina": [
                83.72227478027344,
                100.0
            ],
            "Type": "Player",
            "WorldID": 1
        },
        {
            "Energy": [
                0.0,
                1.0
            ],
            "FactoryEnum": 4,
            "Hunger": [
                78.42913818359375,
                100.0
            ],
            "Life": [
                82.4940185546875,
                100.0
            ],
            "Name": "Moonbell",
            "PersonalityTraits": [
                0,
                1,
                2
            ],
            "Position": [
                212.72647857666016,
                43.79308319091797,
                33.84899318218231
            ],
            "Relationships": [
                {
                    "Name1": "Floro",
                    "Name2": "Moonbell",
                    "RelationshipIntensity": 5.0,
                    "RelationshipType": 1,
                    "SecretNickname1": "Flowy",
                    "SecretNickname2": "Bell"
                }
            ],
            "Stamina": [
                81.73503875732422,
                100.0
            ],
            "Type": "Char",
            "WorldID": 0
        },
        {
            "Completed": true,
            "FactoryEnum": "FloroWakes",
            "Position": [
                10.0,
                20.0,
                30.0
            ],
            "Type": "Script",
            "WorldID": 0
        },
        {
            "Completed": true,
            "FactoryEnum": "Moonlight",
            "Position": [
                10.0,
                20.0,
                30.0
            ],
            "Type": "Script",
            "WorldID": 0
        },
        {
            "Completed": true,
            "FactoryEnum": "In the Wilderness",
            "Position": [
                10.0,
                20.0,
                30.0
            ],
            "Type": "Script",
            "WorldID": 0
        },
        {
            "Completed": false,
            "FactoryEnum": "Imprisonment",
            "Position": [
                20.0,
                20.0,
                -50.0
            ],
            "Type": "Script",
            "WorldID": 0
        },
        {
            "Completed": false,
            "FactoryEnum": "Snowclaw",
            "Position": [
                71.0,
                20.0,
                -6.0
            ],
            "Type": "Script",
            "WorldID": 0
        },
        {
            "Completed": true,
            "FactoryEnum": "Flowers in the Night",
            "Position": [
                71.0,
                20.0,
                -6.0
            ],
            "Type": "Script",
            "WorldID": 0
        }
    ]
}
